{
	"best_step": 899,
	"eval_AUROC-image": 0.9871589085072231,
	"eval_AUROC-pixel": 0.9409701654919412,
	"eval_AUPRO-pixel": 0.9531267544030679
}