{
	"best_step": 899,
	"eval_AUROC-image": 0.9935794542536116,
	"eval_AUROC-pixel": 0.9746998175868271,
	"eval_AUPRO-pixel": 0.9745680021092942
}