{
	"latest_step": 5000,
	"eval_AUROC-image": 0.832263242375602,
	"eval_AUROC-pixel": 0.9441191081267412,
	"eval_AUPRO-pixel": 0.9373059707709651
}