{
	"latest_step": 5000,
	"eval_AUROC-image": 0.9225521669341894,
	"eval_AUROC-pixel": 0.9521577575948166,
	"eval_AUPRO-pixel": 0.9304082803819657
}