{
	"best_step": 3799,
	"eval_AUROC-image": 1.0,
	"eval_AUROC-pixel": 0.9753957059774258,
	"eval_AUPRO-pixel": 0.9762236672467449
}