{
	"latest_step": 5000,
	"eval_AUROC-image": 0.9964912280701754,
	"eval_AUROC-pixel": 0.9460984293469548,
	"eval_AUPRO-pixel": 0.9422006866640062
}