{
	"best_step": 4899,
	"eval_AUROC-image": 0.9994747899159664,
	"eval_AUROC-pixel": 0.9794035590859894,
	"eval_AUPRO-pixel": 0.9725967686762359
}