{
	"best_step": 4699,
	"eval_AUROC-image": 0.998686974789916,
	"eval_AUROC-pixel": 0.9832726567438157,
	"eval_AUPRO-pixel": 0.9779672960198599
}