{
	"best_step": 4099,
	"eval_AUROC-image": 0.9963235294117647,
	"eval_AUROC-pixel": 0.9394449736560445,
	"eval_AUPRO-pixel": 0.9300320607293073
}