{
	"latest_step": 5000,
	"eval_AUROC-image": 0.9894957983193278,
	"eval_AUROC-pixel": 0.8370307686054342,
	"eval_AUPRO-pixel": 0.7292308442151223
}