{
	"latest_step": 5000,
	"eval_AUROC-image": 0.9936974789915967,
	"eval_AUROC-pixel": 0.933471968804039,
	"eval_AUPRO-pixel": 0.9202904024343678
}