{
	"best_step": 4599,
	"eval_AUROC-image": 1.0,
	"eval_AUROC-pixel": 0.9954521069877866,
	"eval_AUPRO-pixel": 0.9910793634276874
}