{
	"best_step": 3499,
	"eval_AUROC-image": 1.0,
	"eval_AUROC-pixel": 0.9928249709185054,
	"eval_AUPRO-pixel": 0.985574884437306
}