{
	"latest_step": 5000,
	"eval_AUROC-image": 1.0,
	"eval_AUROC-pixel": 0.9758492743936295,
	"eval_AUPRO-pixel": 0.9518314558924899
}