{
	"best_step": 3599,
	"eval_AUROC-image": 0.9174311926605504,
	"eval_AUROC-pixel": 0.9726040560263142,
	"eval_AUPRO-pixel": 0.9709566049245485
}