{
	"best_step": 4499,
	"eval_AUROC-image": 0.9541284403669725,
	"eval_AUROC-pixel": 0.9842618218962903,
	"eval_AUPRO-pixel": 0.9772760890870018
}