{
	"latest_step": 5000,
	"eval_AUROC-image": 0.9668928384780884,
	"eval_AUROC-pixel": 0.8218624591827393,
	"eval_AUPRO-pixel": 0.737873375415802,
	"_timestamp": 1667251440,
	"_runtime": 7623
}