{
	"best_step": 199,
	"eval_AUROC-image": 0.9042033235581622,
	"eval_AUROC-pixel": 0.8098596743475311,
	"eval_AUPRO-pixel": 0.9061781821657122
}