{
	"best_step": 4499,
	"eval_AUROC-image": 0.9916911045943304,
	"eval_AUROC-pixel": 0.9507109127172116,
	"eval_AUPRO-pixel": 0.9708937153207116
}