{
	"latest_step": 5000,
	"eval_AUROC-image": 1.0,
	"eval_AUROC-pixel": 0.5730721565853875,
	"eval_AUPRO-pixel": 0.8686834535022084
}