{
	"latest_step": 5000,
	"eval_AUROC-image": 0.9848484848484849,
	"eval_AUROC-pixel": 0.9372045481204891,
	"eval_AUPRO-pixel": 0.9646667720564868
}