{
	"latest_step": 5000,
	"eval_AUROC-image": 0.9780058860778809,
	"eval_AUROC-pixel": 0.4012896716594696,
	"eval_AUPRO-pixel": 0.580974280834198,
	"_timestamp": 1667283997,
	"_runtime": 6320
}