{
	"best_step": 399,
	"eval_AUROC-image": 0.837143928035982,
	"eval_AUROC-pixel": 0.7469140097859531,
	"eval_AUPRO-pixel": 0.7320929013934048
}