{
	"latest_step": 5000,
	"eval_AUROC-image": 0.7232008995502248,
	"eval_AUROC-pixel": 0.3458216706126348,
	"eval_AUPRO-pixel": 0.48413460830973104
}