{
	"latest_step": 5000,
	"eval_AUROC-image": 0.6838455772113943,
	"eval_AUROC-pixel": 0.5185876180500382,
	"eval_AUPRO-pixel": 0.3050290406645356
}