{
	"best_step": 2499,
	"eval_AUROC-image": 1.0,
	"eval_AUROC-pixel": 0.9577790479149634,
	"eval_AUPRO-pixel": 0.9052587064943185
}