{
	"best_step": 1499,
	"eval_AUROC-image": 0.9992064237594604,
	"eval_AUROC-pixel": 0.9499687552452087,
	"eval_AUPRO-pixel": 0.8994860649108887,
	"_timestamp": 1667231048,
	"_runtime": 1117
}