{
	"latest_step": 5000,
	"eval_AUROC-image": 0.9992063492063492,
	"eval_AUROC-pixel": 0.9884598991642752,
	"eval_AUPRO-pixel": 0.9828685332208517
}