{
	"best_step": 4899,
	"eval_AUROC-image": 0.9991645781119465,
	"eval_AUROC-pixel": 0.9648165007086817,
	"eval_AUPRO-pixel": 0.9586940062595012
}