{
	"best_step": 3099,
	"eval_AUROC-image": 1.0,
	"eval_AUROC-pixel": 0.9904963339804754,
	"eval_AUPRO-pixel": 0.9897338502862527
}