{
	"best_step": 2299,
	"eval_AUROC-image": 0.9983291562238931,
	"eval_AUROC-pixel": 0.9836655532727973,
	"eval_AUPRO-pixel": 0.9853033944553282
}