{
	"latest_step": 5000,
	"eval_AUROC-image": 1.0,
	"eval_AUROC-pixel": 0.9899736815477737,
	"eval_AUPRO-pixel": 0.9877603579383119
}