{
	"latest_step": 5000,
	"eval_AUROC-image": 0.9949874686716792,
	"eval_AUROC-pixel": 0.9839286697331651,
	"eval_AUPRO-pixel": 0.9811414483214054
}