{
	"latest_step": 5000,
	"eval_AUROC-image": 0.9974937343358397,
	"eval_AUROC-pixel": 0.9642403334554301,
	"eval_AUPRO-pixel": 0.9562374968940213
}