{
	"best_step": 399,
	"eval_AUROC-image": 0.9362574298011888,
	"eval_AUROC-pixel": 0.9566430530415563,
	"eval_AUPRO-pixel": 0.9516064361719401
}