{
	"latest_step": 5000,
	"eval_AUROC-image": 0.9321582291453167,
	"eval_AUROC-pixel": 0.9421926937096599,
	"eval_AUPRO-pixel": 0.9239317290959074
}