{
	"best_step": 1599,
	"eval_AUROC-image": 1.0,
	"eval_AUROC-pixel": 0.9920369395157763,
	"eval_AUPRO-pixel": 0.9970226494363389
}