{
	"best_step": 2499,
	"eval_AUROC-image": 1.0,
	"eval_AUROC-pixel": 0.9882677082218918,
	"eval_AUPRO-pixel": 0.9908964012921226
}