{
	"latest_step": 5000,
	"eval_AUROC-image": 1.0,
	"eval_AUROC-pixel": 0.9855065462112643,
	"eval_AUPRO-pixel": 0.9896128480258595
}