{
	"latest_step": 5000,
	"eval_AUROC-image": 1.0,
	"eval_AUROC-pixel": 0.9750504791971811,
	"eval_AUPRO-pixel": 0.9807888082147272
}