{
	"best_step": 4199,
	"eval_AUROC-image": 0.965,
	"eval_AUROC-pixel": 0.7629001885386938,
	"eval_AUPRO-pixel": 0.8606269093140095
}