{
	"best_step": 3199,
	"eval_AUROC-image": 0.9770833849906921,
	"eval_AUROC-pixel": 0.7178097367286682,
	"eval_AUPRO-pixel": 0.6686205267906189,
	"_timestamp": 1667306200,
	"_runtime": 2532
}