{
	"best_step": 499,
	"eval_AUROC-image": 0.9241666666666667,
	"eval_AUROC-pixel": 0.7499848678417377,
	"eval_AUPRO-pixel": 0.7941388458006206
}