{
	"best_step": 3199,
	"eval_AUROC-image": 0.9450000000000001,
	"eval_AUROC-pixel": 0.8415388860827807,
	"eval_AUPRO-pixel": 0.8784573117864694
}