{
	"latest_step": 5000,
	"eval_AUROC-image": 0.9566666666666667,
	"eval_AUROC-pixel": 0.7424347738574396,
	"eval_AUPRO-pixel": 0.8319123925254669
}