{
	"best_step": 3999,
	"eval_AUROC-image": 1.0,
	"eval_AUROC-pixel": 0.9879217311720826,
	"eval_AUPRO-pixel": 0.9708914010387136
}