{
	"best_step": 4599,
	"eval_AUROC-image": 1.0,
	"eval_AUROC-pixel": 0.9953015489449696,
	"eval_AUPRO-pixel": 0.9946897179099635
}