{
	"best_step": 3699,
	"eval_AUROC-image": 1.0,
	"eval_AUROC-pixel": 0.989719979838546,
	"eval_AUPRO-pixel": 0.9884306307582943
}