{
	"latest_step": 5000,
	"eval_AUROC-image": 1.0,
	"eval_AUROC-pixel": 0.9935079680466268,
	"eval_AUPRO-pixel": 0.9930825420101631
}