{
	"latest_step": 5000,
	"eval_AUROC-image": 0.9967532467532467,
	"eval_AUROC-pixel": 0.9954440823852293,
	"eval_AUPRO-pixel": 0.9881914197355043
}