{
	"best_step": 2799,
	"eval_AUROC-image": 1.0,
	"eval_AUROC-pixel": 0.977846774892756,
	"eval_AUPRO-pixel": 0.9899949505024724
}