{
	"best_step": 1599,
	"eval_AUROC-image": 0.9528571367263794,
	"eval_AUROC-pixel": 0.9173000454902649,
	"eval_AUPRO-pixel": 0.8783048987388611,
	"_timestamp": 1667266263,
	"_runtime": 2281
}