{
	"best_step": 3099,
	"eval_AUROC-image": 1.0,
	"eval_AUROC-pixel": 0.9857828604867145,
	"eval_AUPRO-pixel": 0.991839278918008
}