{
	"best_step": 99,
	"eval_AUROC-image": 0.9789285714285715,
	"eval_AUROC-pixel": 0.8927830865933087,
	"eval_AUPRO-pixel": 0.9485565509334839
}