{
	"latest_step": 5000,
	"eval_AUROC-image": 1.0,
	"eval_AUROC-pixel": 0.9530533678779027,
	"eval_AUPRO-pixel": 0.9864527018411502
}