{
	"latest_step": 5000,
	"eval_AUROC-image": 0.9939286708831787,
	"eval_AUROC-pixel": 0.6861941814422607,
	"eval_AUPRO-pixel": 0.6573020815849304,
	"_timestamp": 1667271120,
	"_runtime": 7138
}