{
	"latest_step": 5000,
	"eval_AUROC-image": 1.0,
	"eval_AUROC-pixel": 0.7461281352903526,
	"eval_AUPRO-pixel": 0.8246112861013218
}