{
	"best_step": 3899,
	"eval_AUROC-image": 0.9705400981996726,
	"eval_AUROC-pixel": 0.9829100041961665,
	"eval_AUPRO-pixel": 0.9796020986582216
}