{
	"latest_step": 5000,
	"eval_AUROC-image": 0.9735406437534097,
	"eval_AUROC-pixel": 0.9837363970095163,
	"eval_AUPRO-pixel": 0.9726783368058662
}