{
	"latest_step": 5000,
	"eval_AUROC-image": 0.8810693025588989,
	"eval_AUROC-pixel": 0.6150457262992859,
	"eval_AUPRO-pixel": 0.4430170953273773,
	"_timestamp": 1667298251,
	"_runtime": 14243
}