{
	"latest_step": 5000,
	"eval_AUROC-image": 0.9869067103109657,
	"eval_AUROC-pixel": 0.9850197441996077,
	"eval_AUPRO-pixel": 0.9810715157047623
}