{
	"latest_step": 5000,
	"eval_AUROC-image": 1.0,
	"eval_AUROC-pixel": 0.9382940777265378,
	"eval_AUPRO-pixel": 0.8750011194660916
}